{"cameraMode":{"drawMode":0,"name":"Shaded","section":"Shading Mode"},"sceneLighting":false,"audioPlay":false,"sceneViewState":{"showFog":true,"showMaterialUpdate":false,"showSkybox":true,"showFlares":true,"showImageEffects":true,"showParticleSystems":true},"in2DMode":false,"pivot":{"x":6.787293434143066,"y":-4.729832649230957,"z":-2.89892578125},"rotation":{"x":-0.08910533785820008,"y":0.48775869607925417,"z":-0.04992307350039482,"w":-0.8670544028282166},"size":0.043798983097076419,"orthographic":false}